<?xml version="1.0" encoding="UTF-8"?>
<GenRun Id="impl_1" LaunchPart="xc7a35tcpg236-1" LaunchTime="1717793534">
  <File Type="BITSTR-BMM" Name="toplevel_bd.bmm"/>
  <File Type="OPT-METHODOLOGY-DRC" Name="toplevel_methodology_drc_opted.rpt"/>
  <File Type="INIT-TIMING" Name="toplevel_timing_summary_init.rpt"/>
  <File Type="ROUTE-PWR" Name="toplevel_power_routed.rpt"/>
  <File Type="PA-TCL" Name="toplevel.tcl"/>
  <File Type="OPT-TIMING" Name="toplevel_timing_summary_opted.rpt"/>
  <File Type="OPT-DCP" Name="toplevel_opt.dcp"/>
  <File Type="ROUTE-PWR-SUM" Name="toplevel_power_summary_routed.pb"/>
  <File Type="REPORTS-TCL" Name="toplevel_reports.tcl"/>
  <File Type="OPT-DRC" Name="toplevel_drc_opted.rpt"/>
  <File Type="OPT-HWDEF" Name="toplevel.hwdef"/>
  <File Type="PWROPT-DCP" Name="toplevel_pwropt.dcp"/>
  <File Type="PWROPT-DRC" Name="toplevel_drc_pwropted.rpt"/>
  <File Type="PWROPT-TIMING" Name="toplevel_timing_summary_pwropted.rpt"/>
  <File Type="PLACE-DCP" Name="toplevel_placed.dcp"/>
  <File Type="PLACE-IO" Name="toplevel_io_placed.rpt"/>
  <File Type="PLACE-CLK" Name="toplevel_clock_utilization_placed.rpt"/>
  <File Type="PLACE-UTIL" Name="toplevel_utilization_placed.rpt"/>
  <File Type="PLACE-UTIL-PB" Name="toplevel_utilization_placed.pb"/>
  <File Type="PLACE-CTRL" Name="toplevel_control_sets_placed.rpt"/>
  <File Type="PLACE-SIMILARITY" Name="toplevel_incremental_reuse_placed.rpt"/>
  <File Type="PLACE-PRE-SIMILARITY" Name="toplevel_incremental_reuse_pre_placed.rpt"/>
  <File Type="BG-BGN" Name="toplevel.bgn"/>
  <File Type="PLACE-TIMING" Name="toplevel_timing_summary_placed.rpt"/>
  <File Type="POSTPLACE-PWROPT-DCP" Name="toplevel_postplace_pwropt.dcp"/>
  <File Type="BG-BIN" Name="toplevel.bin"/>
  <File Type="POSTPLACE-PWROPT-TIMING" Name="toplevel_timing_summary_postplace_pwropted.rpt"/>
  <File Type="PHYSOPT-DCP" Name="toplevel_physopt.dcp"/>
  <File Type="PHYSOPT-DRC" Name="toplevel_drc_physopted.rpt"/>
  <File Type="BITSTR-MSK" Name="toplevel.msk"/>
  <File Type="PHYSOPT-TIMING" Name="toplevel_timing_summary_physopted.rpt"/>
  <File Type="ROUTE-ERROR-DCP" Name="toplevel_routed_error.dcp"/>
  <File Type="ROUTE-DCP" Name="toplevel_routed.dcp"/>
  <File Type="ROUTE-BLACKBOX-DCP" Name="toplevel_routed_bb.dcp"/>
  <File Type="ROUTE-DRC" Name="toplevel_drc_routed.rpt"/>
  <File Type="ROUTE-DRC-PB" Name="toplevel_drc_routed.pb"/>
  <File Type="BITSTR-LTX" Name="debug_nets.ltx"/>
  <File Type="BITSTR-LTX" Name="toplevel.ltx"/>
  <File Type="ROUTE-DRC-RPX" Name="toplevel_drc_routed.rpx"/>
  <File Type="BITSTR-MMI" Name="toplevel.mmi"/>
  <File Type="ROUTE-METHODOLOGY-DRC" Name="toplevel_methodology_drc_routed.rpt"/>
  <File Type="ROUTE-METHODOLOGY-DRC-RPX" Name="toplevel_methodology_drc_routed.rpx"/>
  <File Type="BITSTR-SYSDEF" Name="toplevel.sysdef"/>
  <File Type="ROUTE-METHODOLOGY-DRC-PB" Name="toplevel_methodology_drc_routed.pb"/>
  <File Type="ROUTE-PWR-RPX" Name="toplevel_power_routed.rpx"/>
  <File Type="ROUTE-STATUS" Name="toplevel_route_status.rpt"/>
  <File Type="ROUTE-STATUS-PB" Name="toplevel_route_status.pb"/>
  <File Type="ROUTE-TIMINGSUMMARY" Name="toplevel_timing_summary_routed.rpt"/>
  <File Type="ROUTE-TIMING-PB" Name="toplevel_timing_summary_routed.pb"/>
  <File Type="ROUTE-TIMING-RPX" Name="toplevel_timing_summary_routed.rpx"/>
  <File Type="ROUTE-SIMILARITY" Name="toplevel_incremental_reuse_routed.rpt"/>
  <File Type="ROUTE-CLK" Name="toplevel_clock_utilization_routed.rpt"/>
  <File Type="ROUTE-BUS-SKEW" Name="toplevel_bus_skew_routed.rpt"/>
  <File Type="ROUTE-BUS-SKEW-PB" Name="toplevel_bus_skew_routed.pb"/>
  <File Type="ROUTE-BUS-SKEW-RPX" Name="toplevel_bus_skew_routed.rpx"/>
  <File Type="POSTROUTE-PHYSOPT-DCP" Name="toplevel_postroute_physopt.dcp"/>
  <File Type="POSTROUTE-PHYSOPT-BLACKBOX-DCP" Name="toplevel_postroute_physopt_bb.dcp"/>
  <File Type="POSTROUTE-PHYSOPT-TIMING" Name="toplevel_timing_summary_postroute_physopted.rpt"/>
  <File Type="POSTROUTE-PHYSOPT-TIMING-PB" Name="toplevel_timing_summary_postroute_physopted.pb"/>
  <File Type="POSTROUTE-PHYSOPT-TIMING-RPX" Name="toplevel_timing_summary_postroute_physopted.rpx"/>
  <File Type="POSTROUTE-PHYSOPT-BUS-SKEW" Name="toplevel_bus_skew_postroute_physopted.rpt"/>
  <File Type="POSTROUTE-PHYSOPT-BUS-SKEW-PB" Name="toplevel_bus_skew_postroute_physopted.pb"/>
  <File Type="BG-BIT" Name="toplevel.bit"/>
  <File Type="POSTROUTE-PHYSOPT-BUS-SKEW-RPX" Name="toplevel_bus_skew_postroute_physopted.rpx"/>
  <File Type="BITSTR-RBT" Name="toplevel.rbt"/>
  <File Type="BITSTR-NKY" Name="toplevel.nky"/>
  <File Type="BG-DRC" Name="toplevel.drc"/>
  <File Type="RDI-RDI" Name="toplevel.vdi"/>
  <File Type="WBT-USG" Name="usage_statistics_webtalk.html"/>
  <FileSet Name="sources" Type="DesignSrcs" RelSrcDir="$PSRCDIR/sources_1">
    <Filter Type="Srcs"/>
    <File Path="$PSRCDIR/sources_1/imports/M152Alab4-test-display/Pixel Generation.v">
      <FileInfo>
        <Attr Name="ImportPath" Val="$PPRDIR/../Pixel Generation.v"/>
        <Attr Name="ImportTime" Val="1717693746"/>
        <Attr Name="UsedIn" Val="synthesis"/>
        <Attr Name="UsedIn" Val="implementation"/>
        <Attr Name="UsedIn" Val="simulation"/>
      </FileInfo>
    </File>
    <File Path="$PSRCDIR/sources_1/imports/M152Alab4-test-display/board.v">
      <FileInfo>
        <Attr Name="ImportPath" Val="$PPRDIR/../board.v"/>
        <Attr Name="ImportTime" Val="1717693746"/>
        <Attr Name="UsedIn" Val="synthesis"/>
        <Attr Name="UsedIn" Val="implementation"/>
        <Attr Name="UsedIn" Val="simulation"/>
      </FileInfo>
    </File>
    <File Path="$PSRCDIR/sources_1/imports/M152Alab4-test-display/clock_divider.v">
      <FileInfo>
        <Attr Name="ImportPath" Val="$PPRDIR/../clock_divider.v"/>
        <Attr Name="ImportTime" Val="1717693746"/>
        <Attr Name="UsedIn" Val="synthesis"/>
        <Attr Name="UsedIn" Val="implementation"/>
        <Attr Name="UsedIn" Val="simulation"/>
      </FileInfo>
    </File>
    <File Path="$PSRCDIR/sources_1/imports/M152Alab4-test-display/debouncer.v">
      <FileInfo>
        <Attr Name="ImportPath" Val="$PPRDIR/../debouncer.v"/>
        <Attr Name="ImportTime" Val="1717693746"/>
        <Attr Name="UsedIn" Val="synthesis"/>
        <Attr Name="UsedIn" Val="implementation"/>
        <Attr Name="UsedIn" Val="simulation"/>
      </FileInfo>
    </File>
    <File Path="$PSRCDIR/sources_1/imports/M152Alab4-test-display/score.v">
      <FileInfo>
        <Attr Name="ImportPath" Val="$PPRDIR/../score.v"/>
        <Attr Name="ImportTime" Val="1717693746"/>
        <Attr Name="UsedIn" Val="synthesis"/>
        <Attr Name="UsedIn" Val="implementation"/>
        <Attr Name="UsedIn" Val="simulation"/>
      </FileInfo>
    </File>
    <File Path="$PSRCDIR/sources_1/imports/M152Alab4-test-display/seven.v">
      <FileInfo>
        <Attr Name="ImportPath" Val="$PPRDIR/../seven.v"/>
        <Attr Name="ImportTime" Val="1717693746"/>
        <Attr Name="UsedIn" Val="synthesis"/>
        <Attr Name="UsedIn" Val="implementation"/>
        <Attr Name="UsedIn" Val="simulation"/>
      </FileInfo>
    </File>
    <File Path="$PSRCDIR/sources_1/imports/M152Alab4-test-display/vga controller.v">
      <FileInfo>
        <Attr Name="ImportPath" Val="$PPRDIR/../vga controller.v"/>
        <Attr Name="ImportTime" Val="1717693746"/>
        <Attr Name="UsedIn" Val="synthesis"/>
        <Attr Name="UsedIn" Val="implementation"/>
        <Attr Name="UsedIn" Val="simulation"/>
      </FileInfo>
    </File>
    <File Path="$PSRCDIR/sources_1/imports/M152Alab4-test-display/toplevel.v">
      <FileInfo>
        <Attr Name="ImportPath" Val="$PPRDIR/../toplevel.v"/>
        <Attr Name="ImportTime" Val="1717693746"/>
        <Attr Name="UsedIn" Val="synthesis"/>
        <Attr Name="UsedIn" Val="implementation"/>
        <Attr Name="UsedIn" Val="simulation"/>
      </FileInfo>
    </File>
    <File Path="$PSRCDIR/sources_1/imports/M152Alab4-test-display/vga top.v">
      <FileInfo>
        <Attr Name="AutoDisabled" Val="1"/>
        <Attr Name="ImportPath" Val="$PPRDIR/../vga top.v"/>
        <Attr Name="ImportTime" Val="1717693746"/>
        <Attr Name="UsedIn" Val="synthesis"/>
        <Attr Name="UsedIn" Val="implementation"/>
        <Attr Name="UsedIn" Val="simulation"/>
      </FileInfo>
    </File>
    <File Path="$PSRCDIR/sources_1/imports/M152Alab4-test-display/bricks.v">
      <FileInfo>
        <Attr Name="AutoDisabled" Val="1"/>
        <Attr Name="ImportPath" Val="$PPRDIR/../bricks.v"/>
        <Attr Name="ImportTime" Val="1717693746"/>
        <Attr Name="UsedIn" Val="synthesis"/>
        <Attr Name="UsedIn" Val="implementation"/>
        <Attr Name="UsedIn" Val="simulation"/>
      </FileInfo>
    </File>
    <File Path="$PSRCDIR/sources_1/imports/M152Alab4-test-display/display.v">
      <FileInfo>
        <Attr Name="AutoDisabled" Val="1"/>
        <Attr Name="ImportPath" Val="$PPRDIR/../display.v"/>
        <Attr Name="ImportTime" Val="1717693746"/>
        <Attr Name="UsedIn" Val="synthesis"/>
        <Attr Name="UsedIn" Val="implementation"/>
        <Attr Name="UsedIn" Val="simulation"/>
      </FileInfo>
    </File>
    <File Path="$PSRCDIR/sources_1/imports/M152Alab4-test-display/ball.v">
      <FileInfo>
        <Attr Name="AutoDisabled" Val="1"/>
        <Attr Name="ImportPath" Val="$PPRDIR/../ball.v"/>
        <Attr Name="ImportTime" Val="1717693746"/>
        <Attr Name="UsedIn" Val="synthesis"/>
        <Attr Name="UsedIn" Val="implementation"/>
        <Attr Name="UsedIn" Val="simulation"/>
      </FileInfo>
    </File>
    <File Path="$PSRCDIR/sources_1/imports/M152Alab4-test-display/physics_controller.v">
      <FileInfo>
        <Attr Name="AutoDisabled" Val="1"/>
        <Attr Name="ImportPath" Val="$PPRDIR/../physics_controller.v"/>
        <Attr Name="ImportTime" Val="1717693746"/>
        <Attr Name="UsedIn" Val="synthesis"/>
        <Attr Name="UsedIn" Val="implementation"/>
        <Attr Name="UsedIn" Val="simulation"/>
      </FileInfo>
    </File>
    <Config>
      <Option Name="DesignMode" Val="RTL"/>
      <Option Name="TopModule" Val="toplevel"/>
    </Config>
  </FileSet>
  <FileSet Name="constrs_in" Type="Constrs" RelSrcDir="$PSRCDIR/constrs_1">
    <Filter Type="Constrs"/>
    <File Path="$PSRCDIR/constrs_1/imports/M152Alab4-test-display/constraints.xdc">
      <FileInfo>
        <Attr Name="ImportPath" Val="$PPRDIR/../constraints.xdc"/>
        <Attr Name="ImportTime" Val="1717693746"/>
        <Attr Name="UsedIn" Val="synthesis"/>
        <Attr Name="UsedIn" Val="implementation"/>
      </FileInfo>
    </File>
    <File Path="$PSRCDIR/constrs_1/imports/M152Alab4-test-display/VGA Bouncing Square RGB Square.xdc">
      <FileInfo>
        <Attr Name="ImportPath" Val="$PPRDIR/../VGA Bouncing Square RGB Square.xdc"/>
        <Attr Name="ImportTime" Val="1717693746"/>
        <Attr Name="UsedIn" Val="synthesis"/>
        <Attr Name="UsedIn" Val="implementation"/>
      </FileInfo>
    </File>
    <Config>
      <Option Name="ConstrsType" Val="XDC"/>
    </Config>
  </FileSet>
  <Strategy Version="1" Minor="2">
    <StratHandle Name="Vivado Implementation Defaults" Flow="Vivado Implementation 2018"/>
    <Step Id="init_design"/>
    <Step Id="opt_design"/>
    <Step Id="power_opt_design"/>
    <Step Id="place_design"/>
    <Step Id="post_place_power_opt_design"/>
    <Step Id="phys_opt_design"/>
    <Step Id="route_design"/>
    <Step Id="post_route_phys_opt_design"/>
    <Step Id="write_bitstream"/>
  </Strategy>
</GenRun>
